{
    "specs": {
        "title": "experiment_2",
        "n_folds": 1,
        "n_rep": 5,
        "sample_size_a": 10000,
        "sample_size_b": 1000,
        "lr_a": 0.0005,
        "lr_b": 0.0005,
        "n_epochs_a": 5,
        "n_epochs_b": 10,
        "batch_size": 32
    },
    "results": {
        "0": {
            "pt": {
                "acc_A": 0.0554,
                "acc_B": 0.05
            },
            "fta": {
                "acc_A": 0.9812,
                "acc_B": 0.422
            },
            "ftb": {
                "epoch_acc_A": [
                    [],
                    [],
                    [],
                    [],
                    []
                ],
                "epoch_acc_B": [
                    [],
                    [],
                    [],
                    [],
                    []
                ],
                "acc_A": [
                    0.6136,
                    0.583,
                    0.6107,
                    0.636,
                    0.591
                ],
                "acc_B": [
                    0.995,
                    0.981,
                    0.998,
                    0.997,
                    0.983
                ],
                "avg_accA": 0.60686,
                "avg_accB": 0.9907999999999999
            },
            "cftb": {
                "250": {
                    "raw": {
                        "epoch_acc_A": [
                            [],
                            [],
                            [],
                            [],
                            []
                        ],
                        "epoch_acc_B": [
                            [],
                            [],
                            [],
                            [],
                            []
                        ],
                        "acc_A": [
                            0.9808,
                            0.9809,
                            0.9808,
                            0.981,
                            0.9809
                        ],
                        "acc_B": [
                            0.434,
                            0.431,
                            0.431,
                            0.435,
                            0.432
                        ],
                        "avg_accA": 0.98088,
                        "avg_accB": 0.43260000000000004,
                        "number_stubborn": 82694
                    }
                },
                "500": {
                    "raw": {
                        "epoch_acc_A": [
                            [],
                            [],
                            [],
                            [],
                            []
                        ],
                        "epoch_acc_B": [
                            [],
                            [],
                            [],
                            [],
                            []
                        ],
                        "acc_A": [
                            0.9807,
                            0.9805,
                            0.9808,
                            0.9807,
                            0.9808
                        ],
                        "acc_B": [
                            0.441,
                            0.441,
                            0.441,
                            0.443,
                            0.442
                        ],
                        "avg_accA": 0.9807,
                        "avg_accB": 0.44160000000000005,
                        "number_stubborn": 82444
                    }
                },
                "1000": {
                    "raw": {
                        "epoch_acc_A": [
                            [],
                            [],
                            [],
                            [],
                            []
                        ],
                        "epoch_acc_B": [
                            [],
                            [],
                            [],
                            [],
                            []
                        ],
                        "acc_A": [
                            0.9802,
                            0.9801,
                            0.9801,
                            0.98,
                            0.9804
                        ],
                        "acc_B": [
                            0.455,
                            0.447,
                            0.455,
                            0.453,
                            0.448
                        ],
                        "avg_accA": 0.98016,
                        "avg_accB": 0.4516,
                        "number_stubborn": 81944
                    }
                },
                "2000": {
                    "raw": {
                        "epoch_acc_A": [
                            [],
                            [],
                            [],
                            [],
                            []
                        ],
                        "epoch_acc_B": [
                            [],
                            [],
                            [],
                            [],
                            []
                        ],
                        "acc_A": [
                            0.9768,
                            0.9763,
                            0.9768,
                            0.9758,
                            0.9771
                        ],
                        "acc_B": [
                            0.481,
                            0.476,
                            0.475,
                            0.484,
                            0.47
                        ],
                        "avg_accA": 0.9765599999999999,
                        "avg_accB": 0.4772,
                        "number_stubborn": 80944
                    }
                },
                "4000": {
                    "raw": {
                        "epoch_acc_A": [
                            [],
                            [],
                            [],
                            [],
                            []
                        ],
                        "epoch_acc_B": [
                            [],
                            [],
                            [],
                            [],
                            []
                        ],
                        "acc_A": [
                            0.9659,
                            0.9651,
                            0.9669,
                            0.9682,
                            0.9634
                        ],
                        "acc_B": [
                            0.538,
                            0.534,
                            0.539,
                            0.539,
                            0.532
                        ],
                        "avg_accA": 0.9658999999999999,
                        "avg_accB": 0.5364000000000001,
                        "number_stubborn": 78944
                    }
                },
                "6000": {
                    "raw": {
                        "epoch_acc_A": [
                            [],
                            [],
                            [],
                            [],
                            []
                        ],
                        "epoch_acc_B": [
                            [],
                            [],
                            [],
                            [],
                            []
                        ],
                        "acc_A": [
                            0.9534,
                            0.9561,
                            0.9539,
                            0.9537,
                            0.9543
                        ],